regime,real_percentage,precision,recall,map50,map50_95,macro_per_class_ap50_95,prediction_count,absolute_map50_95_change_from_synthetic_only,relative_map50_95_change_from_synthetic_only_percent
synthetic_only,0.0,0.5281154934907756,0.3354904778993699,0.32860944493003486,0.16893805202959689,0.16893805202959689,15145,0.0,0.0
real_25,25.058548,0.5873286242523361,0.38294236867624404,0.37553497843240036,0.19150520623800993,0.19150520623800998,14921,0.022567154208413043,13.358242229796403
real_50,50.117096,0.5340243481634709,0.3595441314524619,0.3742550096067482,0.1981211331077883,0.1981211331077883,14558,0.029183081078191425,17.274427358188515
real_75,74.941452,0.4720261172035198,0.33442540197285103,0.3605105049796659,0.18287522797474243,0.1828752279747424,9195,0.013937175945145541,8.249873712704957
real_only,100.0,0.5812278481305856,0.38920664259016985,0.40508750524322407,0.21192034568256807,0.211920345682568,11933,0.04298229365297118,25.44263600567678
