regime,real_percentage,precision,recall,map50,map50_95,macro_per_class_ap50_95,prediction_count
synthetic_only,0.0,0.5281154934907756,0.3354904778993699,0.32860944493003486,0.16893805202959689,0.16893805202959689,15145
real_25,25.058548,0.5873286242523361,0.38294236867624404,0.37553497843240036,0.19150520623800993,0.19150520623800998,14921
real_50,50.117096,0.5340243481634709,0.3595441314524619,0.3742550096067482,0.1981211331077883,0.1981211331077883,14558
real_75,74.941452,0.4720261172035198,0.33442540197285103,0.3605105049796659,0.18287522797474243,0.1828752279747424,9195
real_only,100.0,0.5812278481305856,0.38920664259016985,0.40508750524322407,0.21192034568256807,0.211920345682568,11933
