regime,preprocess,inference,postprocess,total,throughput_images_per_second
synthetic_only,1.1931602921857334,48.641035295612014,1.1555808801751803,50.98977646797292,19.611774541277068
real_25,1.2005573534064322,63.36371764636543,1.6325485296821332,66.19682352945401,15.1064650338555
real_50,1.0701058815945597,65.8080529418144,1.7794647069154854,68.65762353032444,14.565024953977963
real_75,1.2333735306610298,63.77111470689722,1.0974117655731628,66.1019000031314,15.128158191407927
real_only,0.9826735288644319,65.91664411483661,1.8070617644458682,68.70637940814692,14.554689224119182
