rank,regime,precision,recall,map50,map50_95
1,real_only,0.5812278481305856,0.38920664259016985,0.40508750524322407,0.21192034568256807
2,real_50,0.5340243481634709,0.3595441314524619,0.3742550096067482,0.1981211331077883
3,real_25,0.5873286242523361,0.38294236867624404,0.37553497843240036,0.19150520623800993
4,real_75,0.4720261172035198,0.33442540197285103,0.3605105049796659,0.18287522797474243
5,synthetic_only,0.5281154934907756,0.3354904778993699,0.32860944493003486,0.16893805202959689
