{
  "actual_counts": {
    "test": 63,
    "train": 444,
    "val": 128
  },
  "actual_ratios": {
    "test": 0.09921259842519685,
    "train": 0.6992125984251969,
    "val": 0.2015748031496063
  },
  "class_coverage_limitations": {
    "test": [
      "penguin"
    ],
    "train": [],
    "val": [
      "penguin"
    ]
  },
  "combined_split_sha256": "c926fd840a05385e604682d647b57f2d496c5d31c96f02ad7f4b33eba29b7db4",
  "group_count": 52,
  "image_count_per_class_per_split": {
    "test": {
      "fish": 35,
      "jellyfish": 8,
      "puffin": 6,
      "shark": 29,
      "starfish": 10,
      "stingray": 16
    },
    "train": {
      "fish": 232,
      "jellyfish": 32,
      "penguin": 71,
      "puffin": 56,
      "shark": 109,
      "starfish": 35,
      "stingray": 61
    },
    "val": {
      "fish": 64,
      "jellyfish": 12,
      "puffin": 4,
      "shark": 36,
      "starfish": 14,
      "stingray": 47
    }
  },
  "input_sha256": {
    "duplicate_candidates.csv": "c3f42065b636d099e265784182be4f90f70ce740033b35e42b420d4b4db38e29",
    "image_records.csv": "3e9b31eb8a446e12dea8e1907e1c4b10b863bfd525f0bd6141c23354a267a830",
    "reviewed_source_groups.csv": "cd39332192ae37026b2e9093d02a7f81b3a731b6b81be77c013f6706a6952826"
  },
  "manifest_sha256": {
    "duplicate_groups.csv": "32ddcf36f992e28df7b7b1cdd0fa99d5c3e00d9bf24d6ab0ea2e011b7c129348",
    "excluded.csv": "a308b2a48d5412b735934bfa42372d6b30acee35edf2823eb08efb5e0e0bdc55",
    "real_test.csv": "6a928386222c2ee8e7b6a7e61ea977aa9ef3ed00fe580f4636935d0c2a9d7a8c",
    "real_train.csv": "be8e7db0310612231cf1e63372c0eb7fb095c4a83f87826a131611e160049497",
    "real_val.csv": "cf7fe91cc29c5708c2ce5b2085d48cf968af79da0ab420231e6ed73d8ec84cd2"
  },
  "object_count_per_split": {
    "test": 588,
    "train": 3448,
    "val": 748
  },
  "ratio_deviation": {
    "test": -0.0007874015748031565,
    "train": -0.0007874015748030594,
    "val": 0.0015748031496062853
  },
  "seed": 42,
  "source_group_count_per_split": {
    "test": 5,
    "train": 34,
    "val": 13
  },
  "source_group_method": "reviewed_mapping",
  "status": "frozen",
  "stratification": "deterministic greedy group allocation using image-level multi-label classes",
  "target_ratios": {
    "test": 0.1,
    "train": 0.7,
    "val": 0.2
  },
  "test_restrictions": [
    "model_evaluation_only",
    "not_for_model_selection",
    "not_for_synthetic_sources",
    "not_for_synthetic_backgrounds"
  ]
}
